Mk,Cn,Enedc
ADI,AUDI RS Q3,191.0
ALFA ROMEO,4C,157.0
ALFA ROMEO,4C SPIDER,161.0
ALFA ROMEO,ALFA GIULIA QUADRIFOGLIO,189.0
ALFA ROMEO,ALFA GIULIETTA,154.99065420560748
ALFA ROMEO,ALFA MITO,122.1
ALFA ROMEO,GIULIA,154.1858216970999
ALFA ROMEO,GIULIA QUADRIFOGLIO,208.01052631578946
ALFA ROMEO,STELVIO,165.0
ALFA ROMEO,STELVIO QUADRIFOGLIO,219.42745098039217
ALPINA,BMW ALPINA B3 S BITURBO,191.71428571428572
ALPINA,BMW ALPINA B3 S BITURBO TOURING,207.0
ALPINA,BMW ALPINA B3 S BITURBO TOURING ALLRAD,209.0
ALPINA,BMW ALPINA B4 S BITURBO,190.0
ALPINA,BMW ALPINA B4 S BITURBO CABRIO,207.0
ALPINA,BMW ALPINA B4 S BITURBO COUPE,207.0
ALPINA,BMW ALPINA B4 S BITURBO COUPE ALLRAD,209.0
ALPINA,BMW ALPINA B5 BITURBO,245.5
ALPINA,BMW ALPINA B5 BITURBO ALLRAD,248.0
ALPINA,BMW ALPINA B5 BITURBO ALLRAD M3,254.0
ALPINA,BMW ALPINA B5 BITURBO TOURING ALLRAD,248.0
ALPINA,BMW ALPINA B5 BITURBO TOURING ALLRAD M3,254.0
ALPINA,BMW ALPINA B7,253.0
ALPINA,BMW ALPINA B7 BITURBO,242.0
ALPINA,BMW ALPINA D3 BITURBO,146.11111111111111
ALPINA,BMW ALPINA D4 BITURBO,139.0
ALPINA,BMW ALPINA D5 S,180.22222222222223
ALPINA,BMW ALPINA D5 S ALLRAD,192.0
ALPINA,BMW ALPINA D5 S TOURING ALLRAD,192.0
ALPINA,BMW ALPINA XD3,183.0
ALPINA,BMW ALPINA XD4,183.0
ALPINE,A110,143.81345565749234
AMF-BRUNS,CADDY,139.0
ASTON MARTIN,DB11,239.85555555555555
ASTON MARTIN,DB11 AMR,265.0
ASTON MARTIN,DB11 VOLANTE,231.11864406779662
ASTON MARTIN,DBS,285.0
ASTON MARTIN,DBS VOLANTE,295.0
ASTON MARTIN,LAGONDA,300.0
ASTON MARTIN,RAPIDE AMR,305.0
ASTON MARTIN,RAPIDE S,300.0
ASTON MARTIN,V12 VANTAGE S,395.0
ASTON MARTIN,V12 VANTAGE S ROADSTER,343.0
ASTON MARTIN,V8 VANTAGE AMR ROADSTER,296.0
ASTON MARTIN,V8 VANTAGE S,311.0
ASTON MARTIN,V8 VANTAGE S ROADSTER,296.0
ASTON MARTIN,VANQUISH S,302.0
ASTON MARTIN,VANQUISH S VOLANTE,302.0
ASTON MARTIN,VANQUISH ZAGATO SHOOTING BRAKE,311.0
ASTON MARTIN,VANQUISH ZAGATO VOLANTE,302.0
ASTON MARTIN,VANTAGE,236.0
ASTON MARTIN,VANTAGE GT12,332.0
ASTON MARTIN,VANTAGE GT8,319.0
ASTON MARTIN,neu,265.0
AUDI,A1,112.09302325581395
AUDI,A1 CITYCARVER,119.21691973969631
AUDI,A1 SPORTBACK,115.96771310468104
AUDI,A3 40 E-TRON,45.193548387096776
AUDI,A3 CABRIOLET,127.46518888541992
AUDI,A3 LIMOUSINE,118.70604092635706
AUDI,A3 SPORTBACK,119.71706084579381
AUDI,A3 SPORTBACK E-TRON,44.16216216216216
AUDI,A3 SPORTBACK G-TRON,95.90355329949239
AUDI,A4 ALLROAD QUATTRO,151.87493696419565
AUDI,A4 AVANT,127.62625587666754
AUDI,A4 AVANT G-TRON,109.64285714285714
AUDI,A4 LIMOUSINE,125.96991468343063
AUDI,A4 LIMOUSINE QR4185 A7,155.0
AUDI,A5 CABRIOLET,143.0766550522648
AUDI,A5 COUPE,137.04460580912863
AUDI,A5 SPORTBACK,132.48596443722357
AUDI,A5 SPORTBACK 20 R4140 A7,127.0
AUDI,A5 SPORTBACK 40 TFSI,127.0
AUDI,A5 SPORTBACK G-TRON,110.81168831168831
AUDI,A5 SPORTBACK QUATTRO,144.0
AUDI,A6 55 TFSI E,45.285714285714285
AUDI,A6 ALLROAD QUATTRO,158.54278606965175
AUDI,A6 AVANT,141.105407736289
AUDI,A6 LIMOUSINE,136.75745499519033
AUDI,A6 LIMOUSINE QUATTRO,158.0
AUDI,A6 QUATTRO TFSI LIMOUSINE,154.0
AUDI,A6 TDI,154.0
AUDI,A7 55 TFSI E,45.57142857142857
AUDI,A7 SPORTBACK,149.79322429906543
AUDI,A7 SPORTBACK QUATTRO 30,162.0
AUDI,A7 SPORTBACK QUATTRO TFSI,163.0
AUDI,A8,159.43941326530611
AUDI,A8 50TDI,152.0
AUDI,A8 60 TFSI E,61.0
AUDI,A8 L,159.03799185888738
AUDI,A8 L 30T,177.0
AUDI,A8 L 55 TFSI QUATTRO,291.0
AUDI,A8 L QUATTRO,291.0
AUDI,AUDI A1,161.9268292682927
AUDI,AUDI A3,190.5099502487562
AUDI,AUDI A4,211.87116564417178
AUDI,AUDI A4 AVANT,207.625
AUDI,AUDI A4 LIMOUSINE,196.4
AUDI,AUDI A5,216.53731343283582
AUDI,AUDI A5 CABRIO,202.6153846153846
AUDI,AUDI A5 COUPE,206.0
AUDI,AUDI A5 SPORTBACK,236.66666666666666
AUDI,AUDI A6,222.83977900552486
AUDI,AUDI A6 / AUDI S6,111.0
AUDI,AUDI A7,217.51136363636363
AUDI,AUDI A8,265.75454545454545
AUDI,AUDI E-TRON,0.0
AUDI,AUDI E-TRON GT,0.0
AUDI,AUDI Q2,146.42105263157896
AUDI,AUDI Q3,202.66346153846155
AUDI,AUDI Q5,212.07114624505928
AUDI,AUDI Q7,272.02564102564105
AUDI,AUDI Q8,293.2317073170732
AUDI,AUDI R8 COUPE,299.0
AUDI,AUDI RS 7,220.0
AUDI,AUDI RS Q3,209.21428571428572
AUDI,AUDI RS Q3 SB,191.0
AUDI,AUDI RS Q8,411.0
AUDI,AUDI RS3,189.0
AUDI,AUDI RS4 AVANT,249.0
AUDI,AUDI RS5,190.0
AUDI,AUDI RS6 AVANT,220.0
AUDI,AUDI RS7,220.0
AUDI,AUDI SPORT RS4 AVANT,249.0
AUDI,AUDI TS Q8,401.0
AUDI,AUDI TT,224.02631578947367
AUDI,E-TRON,0.0
AUDI,E-TRON 50,0.0
AUDI,E-TRON 55,0.0
AUDI,H-TRON,0.0
AUDI,NEO,0.0
AUDI,Q2,126.5605072274696
AUDI,Q2 E-TRON,0.0
AUDI,Q2 L,197.0
AUDI,Q2 L E-TRON,0.0
AUDI,Q3,148.23645428873985
AUDI,Q3 SPORTBACK,151.54752233956134
AUDI,Q5,145.13693208801647
AUDI,Q5 50 TFSI E,49.77777777777778
AUDI,Q7,176.22355769230768
AUDI,Q7 30T,193.0
AUDI,Q7 40 TFSI,179.0
AUDI,Q7 45 20 TFSI,169.0
AUDI,Q7 45 TFSI,179.0
AUDI,Q7 55 TFSI,193.0
AUDI,Q7 E-TRON,49.333333333333336
AUDI,Q7 QUATTRO 30 TFSI,185.66666666666666
AUDI,Q7 QUATTRO 45TFSI,189.0
AUDI,Q7 QUATTRO R4,171.0
AUDI,Q7 QUATTRO R4185 A8,171.0
AUDI,Q8,179.894133384292
AUDI,Q8 QUATTRO I-HEV,196.0
AUDI,R8 COUPE,297.546365914787
AUDI,R8 SPYDER,301.3805668016194
AUDI,RS 3 SPORTBACK,194.8163965087282
AUDI,RS Q3,203.0
AUDI,RS Q3 SPORTBACK,203.98067632850243
AUDI,RS Q8,276.0
AUDI,RS3 LIMOUSINE,194.0019120458891
AUDI,RS4 AVANT,208.3622848200313
AUDI,RS5 COUPE,206.0
AUDI,RS5 SPORTBACK,206.9534574468085
AUDI,RS6 AVANT,268.45723684210526
AUDI,RS6 AVANT PERFORMANCE,223.0
AUDI,RS7 SPORTBACK,264.9718309859155
AUDI,S1 SPORTBACK,168.0
AUDI,S3,187.0
AUDI,S3 CABRIOLET,164.55587392550143
AUDI,S3 LIMOUSINE,157.28901734104045
AUDI,S3 SPORTBACK,157.63447350771295
AUDI,S4 AVANT,164.9668508287293
AUDI,S4 LIMOUSINE,163.94285714285715
AUDI,S5 CABRIOLET,198.0
AUDI,S5 COUPE,162.61904761904762
AUDI,S5 SPORTBACK,162.80276816608998
AUDI,S6 AVANT,171.0
AUDI,S6 LIMOUSINE,164.50153846153847
AUDI,S7 SPORTBACK,170.0
AUDI,S8,260.0
AUDI,SQ2,162.45867768595042
AUDI,SQ5,177.65350877192984
AUDI,SQ5 TDI,174.0
AUDI,SQ7,199.0814889336016
AUDI,SQ7 QUATTRO,198.0
AUDI,SQ8,204.94201312910283
AUDI,TT COUPE,153.47919655667144
AUDI,TT ROADSTER,158.82623906705538
AUDI,TT RS COUPE,181.0
AUDI,TT RS ROADSTER,182.91011235955057
AUDI,TTS COUPE,161.0
AUDI,TTS ROADSTER,165.52727272727273
AUDI SPORT,AUDI A3,208.33333333333334
AUDI SPORT,AUDI A5,249.5
AUDI SPORT,AUDI A5 COUPE,197.0
AUDI SPORT,AUDI A5 SPORTBACK,300.0
AUDI SPORT,AUDI A6,303.36842105263156
AUDI SPORT,AUDI A7,305.90909090909093
AUDI SPORT,AUDI Q3,295.0
AUDI SPORT,AUDI Q8,355.59090909090907
AUDI SPORT,AUDI R8,313.3333333333333
AUDI SPORT,AUDI TT,261.25
AURUS,SENAT,432.0
AUTOMOBILI LAMBORGHINI SPA,AVENTADOR,442.755905511811
AUTOMOBILI LAMBORGHINI SPA,HURACAN,330.84158415841586
AUTOMOBILI LAMBORGHINI SPA,UNUS,292.0
AUTOMOBILI LAMBORGHINI SPA,URUS,291.77815699658703
B-STYLE & FLEX-I-TRANS,CADDY MAXI,133.0
BAIC,BAIC PRC,270.0
BAIC,BJ20,191.78787878787878
BAIC,D20,173.0
BAIC,X25,174.55555555555554
BAIC,X35,175.8421052631579
BENTLEY,BENTAYGA HYBRID,82.0
BENTLEY,BENTAYGA SPEED,320.0
BENTLEY,BENTAYGA V8,261.9158878504673
BENTLEY,BENTAYGA V8 DIESEL,210.0
BENTLEY,BENTAYGA W12,296.0
BENTLEY,CONTINENTAL,126.0
BENTLEY,CONTINENTAL GT,278.0223880597015
BENTLEY,CONTINENTAL GT CONVERTIBLE,284.0
BENTLEY,CONTINENTAL GT V8,255.0
BENTLEY,CONTINENTAL GT V8 CONVERTIBLE,260.0
BENTLEY,CONTINENTAL GT V8 S,250.0
BENTLEY,CONTINENTAL GT V8 S CONVERTIBLE,258.0
BENTLEY,CONTINENTAL SUPERSPORTS,362.0
BENTLEY,CONTINTENTAL GT SPEED,338.0
BENTLEY,FLYING SPUR V8 S,254.0
BENTLEY,MULSANNE,350.0
BENTLEY,MULSANNE EXTENDED WHEELBASE,350.0
BENTLEY,MULSANNE SPEED,350.0
BMW,116D,107.74295377677565
BMW,116I,134.33597122302157
BMW,118D,114.06120023767083
BMW,118D XDRIVE,135.9952606635071
BMW,118I,127.66850762396446
BMW,120D,121.59086993970715
BMW,120D XDRIVE,124.09716599190283
BMW,120I,136.57377622377624
BMW,125D,126.0
BMW,125I,139.98832684824902
BMW,216D,100.6
BMW,216D ACTIVE TOURER,108.61658031088083
BMW,216D GRAN TOURER,112.91037735849056
BMW,216I ACTIVE TOURER,129.29113924050634
BMW,216I GRAN TOURER,134.6981339187706
BMW,218D,124.76421404682274
BMW,218D ACTIVE TOURER,116.21187025534852
BMW,218D GRAN TOURER,118.96259073143496
BMW,218D XDRIVE ACTIVE TOURER,122.58771929824562
BMW,218D XDRIVE GRAN TOURER,125.24324324324324
BMW,218I,141.13612004287245
BMW,218I ACTIVE TOURER,127.54973821989529
BMW,218I GRAN TOURER,130.1357649442756
BMW,220D,123.48892405063292
BMW,220D ACTIVE TOURER,115.42477876106194
BMW,220D GRAN TOURER,119.82476635514018
BMW,220D XDRIVE,135.1044776119403
BMW,220D XDRIVE ACTIVE TOURER,122.73517786561264
BMW,220D XDRIVE GRAN TOURER,127.76569037656904
BMW,220I,140.20846493998738
BMW,220I ACTIVE TOURER,129.57877813504822
BMW,220I GRAN TOURER,135.36587771203156
BMW,225D,127.37062937062937
BMW,225I ACTIVE TOURER,135.0
BMW,225I XDRIVE,139.0
BMW,225I XDRIVE ACTIVE TOURER,143.32978723404256
BMW,225XE,46.0
BMW,225XE IPERFORMANCE,47.76874340021119
BMW,228I,165.0
BMW,228I XDRIVE,168.0
BMW,230I,141.11977186311788
BMW,316D,121.57757009345795
BMW,318D,118.86169772256729
BMW,318I,140.10989932885906
BMW,320D,120.48349628144062
BMW,320D EFFICIENT DYNAMICS,122.00520833333333
BMW,320D XDRIVE,127.9039941902687
BMW,320I,133.5894874022589
BMW,320I XDRIVE,149.40075757575758
BMW,325D,124.0
BMW,330D,137.08567415730337
BMW,330D XDRIVE,145.26809015421114
BMW,330E,37.71157495256167
BMW,330E IPERFORMANCE,44.0
BMW,330I,135.2114705082903
BMW,330I XDRIVE,146.50919540229884
BMW,335D XDRIVE,165.73291925465838
BMW,340I,173.37047353760445
BMW,340I XDRIVE,187.40942928039703
BMW,418D,120.88888888888889
BMW,420D,125.07824143070044
BMW,420D XDRIVE,134.158357771261
BMW,420I,141.8569069895432
BMW,420I XDRIVE,151.6448087431694
BMW,430D,148.38181818181818
BMW,430D XDRIVE,157.6740506329114
BMW,430I,142.45550847457628
BMW,430I XDRIVE,154.89256198347107
BMW,435D XDRIVE,164.40751445086704
BMW,440I,169.36082474226805
BMW,440I XDRIVE,179.31190476190477
BMW,518D,119.0
BMW,520D,122.060041864052
BMW,520D EFFICIENT DYNAMICS,109.0
BMW,520D XDRIVE,130.64843287995268
BMW,520I,136.49721706864565
BMW,525D,135.88105726872246
BMW,530D,141.0292800551154
BMW,530D XDRIVE,153.00560328726186
BMW,530E IPERFORMANCE,44.37701920146297
BMW,530E XDRIVE IPERFORMANCE,48.003690036900366
BMW,530I,138.33761026463512
BMW,530I XDRIVE,152.23316062176167
BMW,540D XDRIVE,156.22112802148612
BMW,540I,159.7859649122807
BMW,540I XDRIVE,176.04547830632515
BMW,620D,128.13013698630138
BMW,630D,143.65384615384616
BMW,630D XDRIVE,153.77165354330708
BMW,630I,151.66867469879517
BMW,640D XDRIVE,160.41867469879517
BMW,640I,173.1290322580645
BMW,640I XDRIVE,184.62745098039215
BMW,725D,
BMW,730D,141.9300847457627
BMW,730D XDRIVE,147.95159059474412
BMW,730LD,143.5072463768116
BMW,730LD XDRIVE,150.51612903225808
BMW,740D XDRIVE,154.9923224568138
BMW,740E IPERFORMANCE,53.333333333333336
BMW,740I,163.73469387755102
BMW,740LD XDRIVE,156.29787234042553
BMW,740LE IPERFORMANCE,55.2
BMW,740LE XDRIVE IPERFORMANCE,65.0
BMW,740LI,168.0
BMW,740LI XDRIVE,177.8
BMW,745E,50.215625
BMW,745LE,51.983870967741936
BMW,745LE XDRIVE,55.3574144486692
BMW,750D XDRIVE,158.7859531772575
BMW,750I,189.0
BMW,750I XDRIVE,215.3516129032258
BMW,750LD XDRIVE,158.64566929133858
BMW,750LI XDRIVE,217.3181818181818
BMW,840D XDRIVE,161.32367149758454
BMW,840I,168.20338983050848
BMW,840I XDRIVE,175.66990291262135
BMW,I8,49.0
BMW,M1 35I XDRIVE,155.7245337159254
BMW,M1 40I,168.04032258064515
BMW,M1 40I XDRIVE,180.132
BMW,M2,187.15384615384616
BMW,M2 35I XDRIVE,169.9245283018868
BMW,M2 40I,169.55316285329744
BMW,M2 40I XDRIVE,183.8438818565401
BMW,M2 COMPETITION,211.78734263354883
BMW,M2 CS,228.0
BMW,M235I X DR,182.0
BMW,M3,194.0
BMW,M3 40I XDRIVE,162.81656050955414
BMW,M3 CS,198.0
BMW,M4,214.59116022099448
BMW,M4 CS,197.0
BMW,M4 GTS,199.0
BMW,M5,244.35403726708074
BMW,M5 COMPETITION,244.35838926174497
BMW,M550D XDRIVE,170.6630518977537
BMW,M550I XDRIVE,224.76190476190476
BMW,M760LI XDRIVE,283.16129032258067
BMW,M8 COMPETITION,243.87644787644788
BMW,M850I XDRIVE,224.40172278778388
BMW,N235I XDRI,182.0
BMW,X1,234.0
BMW,X1 25XE IPERFORMANCE,62.0
BMW,X1 SDRIVE 16D,109.75
BMW,X1 SDRIVE 18D,118.35197817189632
BMW,X1 SDRIVE 18I,129.70107284020327
BMW,X1 SDRIVE 20D,119.84851586489253
BMW,X1 SDRIVE 20I,134.45428742157156
BMW,X1 XDRIVE 18D,126.33053640994906
BMW,X1 XDRIVE 20D,125.17387451258419
BMW,X1 XDRIVE 20I,147.87503130478336
BMW,X1 XDRIVE 25D,128.84823284823284
BMW,X1 XDRIVE 25I,149.54954954954954
BMW,X1 XDRIVE 28I,244.5
BMW,X2 M35I,157.70967741935485
BMW,X2 SDRIVE 18D,116.98587026332692
BMW,X2 SDRIVE 18I,126.30017401392111
BMW,X2 SDRIVE 20D,116.58291457286433
BMW,X2 SDRIVE 20I,133.64908256880733
BMW,X2 XDRIVE 18D,126.0388219544846
BMW,X2 XDRIVE 20D,125.08678587003925
BMW,X2 XDRIVE 20I,145.30905077262693
BMW,X2 XDRIVE 25D,129.46835443037975
BMW,X3,270.0
BMW,X3 M,239.0
BMW,X3 M COMPETITION,238.75124378109453
BMW,X3 M40D,168.67494145199063
BMW,X3 M40I,199.826538176427
BMW,X3 SDRIVE 18D,132.0
BMW,X3 XDRIVE 20D,141.41760472411883
BMW,X3 XDRIVE 20I,163.7793392504931
BMW,X3 XDRIVE 25D,147.56410256410257
BMW,X3 XDRIVE 30D,156.4011867479809
BMW,X3 XDRIVE 30I,165.32374691865243
BMW,X4 M,239.0
BMW,X4 M COMPETITION,239.0
BMW,X4 M40D,169.13306772908368
BMW,X4 M40I,200.91444866920153
BMW,X4 XDRIVE 20D,140.88035350101973
BMW,X4 XDRIVE 20I,163.35164835164835
BMW,X4 XDRIVE 28I,169.0
BMW,X4 XDRIVE 30D,155.45305378304468
BMW,X4 XDRIVE 30I,164.8014598540146
BMW,X4 XDRIVE2 5D,147.88140161725067
BMW,X5 M,258.0
BMW,X5 M50D,180.29361324659965
BMW,X5 M50I,238.11061946902655
BMW,X5 XDRIVE 25D,151.70443349753694
BMW,X5 XDRIVE 30D,162.38241282769152
BMW,X5 XDRIVE 35I,198.0
BMW,X5 XDRIVE 40D,183.0
BMW,X5 XDRIVE 40I,195.56088082901553
BMW,X5 XDRIVE 45E,41.68106312292359
BMW,X5 XDRIVE 50I,226.0
BMW,X6 M COMPETITION,289.0
BMW,X6 M50D,199.30727762803235
BMW,X6 M50I,237.9
BMW,X6 XDRIVE 30D,178.81561822125815
BMW,X6 XDRIVE 40D,183.7981220657277
BMW,X6 XDRIVE 40I,188.69230769230768
BMW,X6 XDRIVE 50I,227.0
BMW,X7 M50D,186.369384359401
BMW,X7 M50I,248.91358024691357
BMW,X7 XDRIVE30D,171.509375
BMW,X7 XDRIVE40I,198.9848101265823
BMW,Z4 M40I,168.0
BMW,Z4 SDRIVE 20I,139.89434608794974
BMW,Z4 SDRIVE 30I,139.0
BMW I,I 8,49.0
BMW I,I3,0.2674601785401715
BMW I,I3 120AH,0.0
BMW I,I3S,0.43183695951528506
BMW I,I3S 120AH,0.0
BMW I,I8,45.02102102102102
BMW I,X5 M50D,0.0
BORGWARD,BX7 TS,233.0
BRABUS AUTOMOTIVE,MAYBACH S 650 PULLMAN,330.0
BRABUS AUTOMOTIVE,S 900,325.0
BRABUS AUTOMOTIVE,SLS 700,308.0
BRONTO,LADA NIVA,152.0
BRONTO,LADA NIVA 4X4,151.0
BUGATTI,BUGATTI BG 744,575.0
BUGATTI,BUGATTI CHIRON,515.375
BUGATTI,BUGATTI CHIRON-DIVO,575.0
BUICK,BUICK,158.33333333333334
BUICK,BUICK LACROSSE,265.0
BUICK,BUICK SUV,163.0
BUICK,ENCLAVE,163.0
BUICK,LACROSSE,164.0
BUICK,REGAL,181.0
CADILLAC,ATS,191.0
CADILLAC,ATS-V,265.0
CADILLAC,CADILLAC,191.0
CADILLAC,CADILLAC CT6,282.0
CADILLAC,CADILLAC ESCALADE,399.0
CADILLAC,CADILLAC XT4,258.5
CADILLAC,CADILLAC XT5,290.0
CADILLAC,CT6,213.66666666666666
CADILLAC,CTS,184.8181818181818
CADILLAC,CTS-V,298.0
CADILLAC,E2UL,
CADILLAC,ESCALADE,286.6231884057971
CADILLAC,ESCALADE ESV,284.92
CADILLAC,XT4,176.42857142857142
CADILLAC,XT5,227.75545851528383
CAMARO,CHEVROLET CAMARO ZL1,337.0
CATERHAM CARS LTD,SEVEN S3,170.8
CATERHAM CARS LTD,SEVEN SG SV VARIANT,153.5
CATERHAM CARS LTD,SEVEN SV,192.46153846153845
CATERHAM CARS LTD,SV,171.0
CCK-WESTFIELD,SPORT 250,178.0
CHEVROLET,BLAZER,252.0
CHEVROLET,CAMARO,242.33748169838947
CHEVROLET,CAMARO SS,301.0
CHEVROLET,CAMARO ZL1,348.0
CHEVROLET,CHEVROLET,297.0
CHEVROLET,CHEVROLET CAMARO,307.4
CHEVROLET,CHEVROLET SUBURBAN,360.8333333333333
CHEVROLET,CHEVROLET SUBURBAN SUV 4X4,257.0
CHEVROLET,CHEVROLET TAHOE,382.0
CHEVROLET,CHEVROLET TRAVERSE,314.0
CHEVROLET,COLORADO,240.0
CHEVROLET,CORVETTE,293.8201754385965
CHEVROLET,CORVETTE ZR1,373.0
CHEVROLET,EQUINOX,174.0
CHEVROLET,GENERAL MOT-GMC USA,361.0
CHEVROLET,MALIBU,163.0
CHEVROLET,SUV,134.0
CHEVROLET,TAHOE,
CHRYSLER,CHRYSLER 300,276.0
CHRYSLER,CHRYSLER 300C,306.0
CHRYSLER,CHRYSLER 300S,287.0
CHRYSLER,CHRYSLER PACIFICA,297.2352941176471
CHRYSLER,CHRYSLER PACIFICA TOURING,307.0
CHRYSLER,PACIFICA,306.2857142857143
CHRYSLER,PACIFICA HYBRID LIMITED,66.0
CHRYSLER,PACIFICA LIMITED,291.0
CHRYSLER,PACIFICA S,
CITROEN,BERLINGO,119.50050686572666
CITROEN,C-ELYSEE,114.0
CITROEN,C-ZERO,0.0
CITROEN,C1,89.43037104901512
CITROEN,C3,106.65072164948454
CITROEN,C3 AIRCROSS,115.87234042553192
CITROEN,C4,109.5
CITROEN,C4 CACTUS,109.44614892937041
CITROEN,C4 PICASSO,114.71428571428571
CITROEN,C4 SPACETOURER,115.33656856606136
CITROEN,C5 AIRCROSS,124.48482220294883
CITROEN,CITROEN C3,108.0
CITROEN,CITROEN C4 AIRCROSS CHINA,130.0
CITROEN,CITROEN C4 CHINA,130.0
CITROEN,CITROEN C5 AIRCROSS,121.0
CITROEN,DS4,117.0
CITROEN,E-MEHARI,0.0
CITROEN,JUMPER,168.48666666666668
CITROEN,JUMPY SPACETOURER,146.98454349388928
CITROEN DS,DS 3,118.53521126760563
CITROEN DS,DS 3 CABRIO,126.04347826086956
CITROEN DS,DS 3 CROSSBACK,27.5
CITROEN DS,DS 7 CROSSBACK,127.6418966737438
CITROEN DS,DS3 CROSSBACK,112.1183628318584
CITROEN DS,DS3 CROSSBACK E-TENSE,0.0
CITROEN DS,DS7 CROSSBACK,80.4
CITROEN DS,DS7 CROSSBACK E-TENSE,49.0
CITROEN DS,DS7 CROSSBACK HYBRID,132.0
DACIA,DOKKER,146.39830508474577
DACIA,DUSTER,140.76897667965912
DACIA,LODGY,145.50794646591385
DACIA,LOGAN,122.11910019321004
DACIA,SANDERO,123.35225315441619
DACIA,SANDERO STEPWAY,149.0
DAIMLER,GLC F-CELL,0.0
DAIMLER,SMART CABRIO ELECTRIC DRIVE,0.0
DAIMLER,SPRINTER,186.0
DAIMLER,SPRINTER NCV3,
DALLARA,DALLARA STRADALE,209.0
DANGEL,AHXH-N2B00PDGL01,
DAVID BROWN,SPEEDBACK GT,292.0
DETHLEFFS,CROSSCAMP TY 001,163.3945945945946
DFSK SOKON,580,200.55974842767296
DFSK SOKON,DFSK MOTOR CO LTD,206.0
DODGE,CHALLENGER,280.6111111111111
DODGE,CHALLENGER GT AWD,248.2
DODGE,CHALLENGER HELLCAT XR WB,332.0
DODGE,CHALLENGER R/T,300.0
DODGE,CHALLENGER R/T SCAT PACK,296.03125
DODGE,CHALLENGER SRT,367.0
DODGE,CHALLENGER SRT 392,299.57142857142856
DODGE,CHALLENGER SRT HELLCAT,389.4
DODGE,CHALLENGER SRT HELLCAT WB,396.11764705882354
DODGE,CHALLENGER SRT REDEYE WB,419.0
DODGE,CHALLENGER SXT,242.76923076923077
DODGE,CHALLENGER SXT PLUS,251.27272727272728
DODGE,CHALLENGER SXT RWD,224.33333333333334
DODGE,CHARGER GT,268.0
DODGE,CHARGER R/,305.0
DODGE,CHARGER SRT,
DODGE,CHARGER SRT 392,300.88235294117646
DODGE,CHARGER SRT 932,294.0
DODGE,CHARGER SRT CORE,294.0
DODGE,CHARGER SRT HELLCAT,395.3333333333333
DODGE,CHARGER SX,269.0
DODGE,CHARGER SXT AWD,
DODGE,DODGA DURANGO,359.0
DODGE,DODGE,292.0
DODGE,DODGE CARAVAN,251.0
DODGE,DODGE CHALLENGER,321.22222222222223
DODGE,DODGE CHARGER,275.3333333333333
DODGE,DODGE DART,220.0
DODGE,DODGE DURANGO,343.60818713450294
DODGE,DODGE DURANGO AWD,385.0
DODGE,DODGE DURANGO R/T,360.2
DODGE,DODGE DURANGO SRT,380.0
DODGE,DODGE GRAND CARAVAN,251.0
DODGE,DODGE JOURNEY,243.0
DODGE,DURANGO,357.5
DODGE,DURANGO R/T,376.42857142857144
DODGE,FCA USA,294.0
DODGE,GRAND CARAVAN GT,301.0
DODGE,JOURNEY CROSSROAD,
DONKERVOORT,GTO-RS,178.0
DR AUTOMOBILES SRL,DR3,
DR AUTOMOBILES SRL,DR6,152.0
DURANGO,DODGE DURANGO R/T,
EGO,EGO LIFE FIRST EDITION,0.0
EGO,LIFE,0.0
FERRARI,458,275.0
FERRARI,488 GTB,261.02
FERRARI,488 PISTA,262.4126213592233
FERRARI,488 PISTA SPIDER,266.0
FERRARI,488 SPIDER,260.17241379310343
FERRARI,812 SUPERFAST,340.378640776699
FERRARI,CALIFORNIA T,251.0
FERRARI,F8 TRIBUTO,273.0
FERRARI,FERRARI GTC4LUSSO,350.0
FERRARI,FERRARI GTC4LUSSO T,265.0
FERRARI,MONZA SP2,340.0
FERRARI,PORTOFINO,245.0
FIAT,500 ABARTH,138.42352941176472
FIAT,ABARTH 124 SPIDER,147.57364341085272
FIAT,ABARTH 500,154.2338489535942
FIAT,FIAT 124 SPIDER,149.47634854771783
FIAT,FIAT 500,114.99868125048484
FIAT,FIAT 500L,151.24858757062148
FIAT,FIAT 500X,136.96327632763277
FIAT,FIAT DOBLO,174.65776293823038
FIAT,FIAT DUCATO,170.21354166666666
FIAT,FIAT FIORINO,156.59876543209876
FIAT,FIAT PANDA,122.09753566796368
FIAT,FIAT PUNTO,124.0
FIAT,FIAT TIPO,147.1101936646149
FIAT,QUBO,157.43296703296704
FIAT,TALENTO,153.67952522255192
FIAT/ABARTH,124 SPIDER,151.3495145631068
FORD,C-MAX,144.9540594059406
FORD,C-MAX ENERGI,94.0
FORD,ECOSPORT,128.5205432155599
FORD,EDGE,175.01825808043424
FORD,ESCAPE,236.33333333333334
FORD,EXPEDITION,291.0
FORD,EXPLORER,110.0
FORD,EXPLORER ECOBOOST,304.0
FORD,EXPLORER XLT,287.8
FORD,FIESTA,115.94760457718057
FORD,FIESTA ST,195.0
FORD,FOCUS,119.56873518827351
FORD,FORD EDGE,289.0
FORD,FORD ESCAPE,283.0
FORD,FORD EXPEDITION,379.0
FORD,FORD EXPLORER,318.57142857142856
FORD,FORD MUSTANG,230.0
FORD,GALAXY,151.79381443298968
FORD,GRAND C-MAX,153.09192200557104
FORD,KA,120.52915194346289
FORD,KUGA,170.76755825402034
FORD,MONDEO,141.74799767001602
FORD,MONDEO HYBRID,110.42857142857143
FORD,MUSTANG,266.71545757498075
FORD,MUSTANG BULLITT,341.0
FORD,MUSTANG ECOBOOST,227.0
FORD,MUSTANG GT,322.0
FORD,PUMA,101.1125
FORD,RANGER,208.5
FORD,S-MAX,148.93417181523978
FORD,TOURNEO CONNECT,129.73295338896804
FORD,TOURNEO COURIER,126.10645472061657
FORD,TOURNEO CUSTOM,177.34148369926814
FORD,TRANSIT,172.71253447747472
FORD,TRANSIT CONNECT,124.05889423076923
FORD,TRANSIT COURIER,125.34125964010283
FORD,TRANSIT CUSTOM,165.57812281437964
FORD,TRANSIT XLT,
FORD-CNG-TECHNIK,FOCUS RS,175.0
FORD-CNG-TECHNIK,MONDEO HYBRID,106.77546777546777
FX,AUDI R8 COUPE,299.0
FX,AUDI R8 SPYDER,299.0
GMC,GMC ACADIA,265.2
GREAT WALL MOTOR COMPANY,WEY VV5,179.5
GUMPERT AIWAYS AUTOMOBILE,EXPLOSION,38.0
GUMPERT AIWAYS AUTOMOBILE,PT NATHALIE 002,38.0
GUMPERT AIWAYS AUTOMOBILE,U5,0.0
GY,AUDI A3,187.0
HARRIER,HARRIER,234.0
HONDA,CIVIC,193.0
HONDA,CIVIC 4DR,115.4059405940594
HONDA,CIVIC 5DR,132.61751695664995
HONDA,HONDA CR-V,141.78355074065885
HONDA,HONDA HR-V,197.0
HONDA,HONDA ODYSSEY,283.5
HONDA,HONDA PASSPORT,279.0
HONDA,HONDA PILOT,286.0
HONDA,HONDA RIDGELINE,288.0
HONDA,HR-V,129.1075302138209
HONDA,JAZZ,118.1449864498645
HONDA,NSX,228.0
HONDA,ODYSSEY,295.0
HONDA,PILOT,284.0
HYUNDAI,GENESIS,240.0
HYUNDAI,H-1STAREXGRAND STAREX,239.50554323725055
HYUNDAI,H350,220.8
HYUNDAI,HYUNDAI,174.0
HYUNDAI,I 20 COUPE WRC,264.0
HYUNDAI,I 30,128.38141691987846
HYUNDAI,I 30 N,177.89874155208577
HYUNDAI,I10,123.52886387408478
HYUNDAI,I20,116.66666666666667
HYUNDAI,I20 COUPE WRC,236.0
HYUNDAI,I20 I20 ACTIVE,121.10754406580493
HYUNDAI,I40,137.64086687306502
HYUNDAI,IONIQ,41.77037617554859
HYUNDAI,IX20,154.71315841388835
HYUNDAI,KONA KAUAI,110.02500912741877
HYUNDAI,NEXO,0.0
HYUNDAI,SANTA FE,165.94020048392673
HYUNDAI,TUCSON IX35,158.83526023451964
HYUNDAI,UNBEKANNT,147.0
HYUNDAI GENESIS,G 80 GENESIS G 80,262.0
INFINITI,INFINITI Q30,148.95348837209303
INFINITI,INFINITI Q30S,164.35897435897436
INFINITI,INFINITI Q50,176.32954545454547
INFINITI,INFINITI Q50L,233.0
INFINITI,INFINITI Q60,188.4
INFINITI,INFINITI QX30,170.53658536585365
INFINITI,INFINITI QX70,294.7692307692308
IVECO,70C18,
JAC,IEV7S,0.0
JAGUAR,JAGUAR E-PACE,171.38667992047715
JAGUAR,JAGUAR F-PACE,175.79177958446252
JAGUAR,JAGUAR F-TYPE CONVERTIBLE,209.82619647355165
JAGUAR,JAGUAR F-TYPE COUPE,205.4943566591422
JAGUAR,JAGUAR F-TYPE SVR CONVERT,239.0
JAGUAR,JAGUAR F-TYPE SVR COUPE,252.33333333333334
JAGUAR,JAGUAR I-PACE,0.0
JAGUAR,JAGUAR XE,148.9749652294854
JAGUAR,JAGUAR XF,152.02176696542892
JAGUAR,JAGUAR XJ,183.86507936507937
JAGUAR,PROJECT 7,275.0
JEEP,CHEROKEE,176.14748603351956
JEEP,CHEROKEE TRAILHAWK,214.02380952380952
JEEP,COMPASS,171.37645605365338
JEEP,GRAND CHEROKEE,206.5195272353546
JEEP,GRAND CHEROKEE SRT,335.8135593220339
JEEP,GRAND CHEROKEE TRACKHAWK,390.88709677419354
JEEP,JEEP CHEROKEE,149.0
JEEP,JEEP GRAND CHEROKEE,331.0
JEEP,JEEP WRANGLER,302.25
JEEP,JEEP WRANGLER RUBICON,298.57142857142856
JEEP,JEEP WRANGLER SAHARA,279.0
JEEP,JEEP WRANGLER UNLIMITED,164.0
JEEP,RENEGADE,145.28416440642604
JEEP,RUBICON UNLIMITED,307.0
JEEP,SAHARA UNLIMITED,293.0
JEEP,WRANGLER,198.86564299424185
JEEP,WRANGLER JK UNLIMITED,266.0709677419355
JEEP,WRANGLER RUBICON,299.8
JEEP,WRANGLER UNLIMITED,204.52962169878657
JEEP,WRANGLER UNLIMITED MILITEM,284.0
JETTA,JETTA VA3,
JETTA,JETTA VS5,183.6
JETTA,JETTA VS7,196.0
JHH,FIESTA,158.0
KIA,CARENS OR RONDO,153.13003095975233
KIA,CEED,130.75857540173052
KIA,NIRO,63.76851851851852
KIA,OPTIMA,120.23718386876281
KIA,PICANTO,115.7041365876017
KIA,PICANTO MORNING,105.0
KIA,PROCEED,139.86240538267452
KIA,RIO,125.74154478976234
KIA,SORENTO,159.94977462974887
KIA,SOUL,39.10707547169811
KIA,SOUL EV,0.0
KIA,SPORTAGE,159.55938182429028
KIA,STINGER,230.9598308668076
KIA,STONIC,127.24160475482913
KIA,VENGA,155.55630848660857
KIA,XCEED,138.1455108359133
LADA,LADA 2192,148.2
LADA,LADA 2194,151.0857142857143
LADA,LADA 4X4,225.6860465116279
LADA,LADA 4X4 URBAN,224.65197215777263
LADA,LADA GRANTA,155.0
LADA,LADA VESTA,155.2780172413793
LADA AUTOMOBILE GMBH,LADA 4X4,221.96863237139272
LAND ROVER,DISCOVERY,199.72494887525562
LAND ROVER,DISCOVERY SPORT,169.45206684256817
LAND ROVER,JAGUAR E-PACE,201.0
LAND ROVER,RANGE ROVER,218.24554253693327
LAND ROVER,RANGE ROVER EVOQUE,161.11312301661377
LAND ROVER,RANGE ROVER SPORT,191.77411551254914
LAND ROVER,RANGE ROVER VELAR,178.6868615709757
LEVC,TX,
LEXUS,LEXUS CT200H,97.76271186440678
LEXUS,LEXUS ES300H,103.40397350993378
LEXUS,LEXUS GS300H,105.125
LEXUS,LEXUS IS300H,108.4739336492891
LEXUS,LEXUS LC500,264.86
LEXUS,LEXUS LC500H,149.5909090909091
LEXUS,LEXUS LS500,223.25
LEXUS,LEXUS LS500H,160.05882352941177
LEXUS,LEXUS LX 570,337.0
LEXUS,LEXUS NX300,190.53333333333333
LEXUS,LEXUS NX300H,135.23753280839895
LEXUS,LEXUS RC F,258.0
LEXUS,LEXUS RC300,168.0
LEXUS,LEXUS RC300H,114.75
LEXUS,LEXUS RX300,195.9402985074627
LEXUS,LEXUS RX450H,134.32558139534885
LEXUS,LEXUS RX450HL,139.375
LEXUS,LEXUS UX200,125.375
LEXUS,LEXUS UX250H,95.81457489878542
LEXUS,LX 570,
LINCOLN,LINCOLN CONTINENTAL,225.0
LINCOLN,LINCOLN MKC,255.0
LINCOLN,LINCOLN MKX,282.0
LINCOLN,LINCOLN MKZ,225.0
LINCOLN,LINCOLN NAVIGATOR,315.0
LINCOLN,LINCOLNMKC,255.0
LINCOLN,NAVIGATOR,291.0
LOTUS,ELISE CUP 250,175.0
LOTUS,ELISE SPORT 220,173.0
LOTUS,EVORA 400,227.5
LOTUS,EVORA GT430,234.0
LOTUS,EVORA SPORT 410,239.625
LOTUS,EXIGE CUP 430,237.5
LOTUS,EXIGE SPORT 350,235.0
LOTUS,EXIGE SPORT 380,242.0
LOTUS,EXIGE SPORT 410,240.0
MAHINDRA,MAHINDRA,269.0
MAN,LIONS CIT,0.0
MAN,LIONS CITY 18,
MAN,TGE,198.21428571428572
MASERATI,GHIBLI,241.69811320754718
MASERATI,GHIBLI DIESEL,176.40776699029126
MASERATI,GHIBLI S,223.0
MASERATI,GHIBLI S Q4,259.03409090909093
MASERATI,GRANCABRIO MC,336.59090909090907
MASERATI,GRANCABRIO SPORT,336.25
MASERATI,GRANTURISMO MC,313.0
MASERATI,GRANTURISMO MC SERIES,331.0
MASERATI,GRANTURISMO SPORT,328.375
MASERATI,LEVANTE,267.29801324503313
MASERATI,LEVANTE DIESEL,212.23741007194243
MASERATI,LEVANTE GTS,300.0
MASERATI,LEVANTE S,268.512
MASERATI,LEVANTE TROFEO,301.6666666666667
MASERATI,MASERATI,191.0
MASERATI,QUATTROPORTE,248.0
MASERATI,QUATTROPORTE DIESEL,165.66666666666666
MASERATI,QUATTROPORTE GTS,250.0
MASERATI,QUATTROPORTE S Q4,251.63333333333333
MAZDA,CX-9,279.0
MAZDA,MAZDA 2,
MAZDA,MAZDA 3,127.16666666666667
MAZDA,MAZDA CX-3,141.8300976023764
MAZDA,MAZDA CX-30,119.30932203389831
MAZDA,MAZDA CX-5,153.0573831182568
MAZDA,MAZDA CX-7,199.0
MAZDA,MAZDA EV,0.0
MAZDA,MAZDA MX-5,152.47279730380356
MAZDA,MAZDA2,112.31427990235964
MAZDA,MAZDA3,119.27415617128463
MAZDA,MAZDA6,145.1362285336856
MAZDA,MX-5,156.0
MCLAREN,675LT SPIDER,243.0
MCLAREN,EA,249.0
MCLAREN,MC LAREN 570S SPIDER,249.0
MCLAREN,MCLAREN 540C COUPE,249.0
MCLAREN,MCLAREN 570GT,253.46153846153845
MCLAREN,MCLAREN 570S COUPE,249.0
MCLAREN,MCLAREN 570S SPIDER,249.0
MCLAREN,MCLAREN 60,266.0
MCLAREN,MCLAREN 600LT COUPE,266.0
MCLAREN,MCLAREN 600LT SPIDER,266.0
MCLAREN,MCLAREN 720S COUPE,249.0
MCLAREN,MCLAREN 720S SPIDER,264.0
MCLAREN,MCLAREN AUTOMOTIVE LTD,256.5
MCLAREN,MCLAREN GT,245.0
MCLAREN,MCLAREN MA,249.0
MCLAREN,MCLAREN SENNA,268.0
MERCDES-AMG,AMG C 63,321.0
MERCDES-AMG,S 65 AMG,
MERCEDES-AMG,AMG C 43 4M,
MERCEDES-AMG,AMG C 43 4M C,
MERCEDES-AMG,AMG C 43 4M CA,
MERCEDES-AMG,AMG C 63 S,195.25
MERCEDES-AMG,AMG CLA 45,186.90625
MERCEDES-AMG,AMG GLA 45,192.0561797752809
MERCEDES-AMG,AMG GLC 63 S 4MATIC,244.0
MERCEDES-AMG,AMG GLE 63,309.81481481481484
MERCEDES-AMG,AMG GLE 63 S,316.21311475409834
MERCEDES-AMG,AMG GLS 63,315.60526315789474
MERCEDES-AMG,AMG GT,259.9942196531792
MERCEDES-AMG,AMG GT 43,187.9506172839506
MERCEDES-AMG,AMG GT 43 4MATIC,213.8
MERCEDES-AMG,AMG GT 53,
MERCEDES-AMG,AMG GT 53 4MATIC,214.27388535031847
MERCEDES-AMG,AMG GT 63 4MATIC,254.6605504587156
MERCEDES-AMG,AMG GT 63 S,
MERCEDES-AMG,AMG GT 63 S 4MATIC,256.6389521640091
MERCEDES-AMG,AMG GT BLACK SERIES,285.0
MERCEDES-AMG,AMG GT C,280.9931271477663
MERCEDES-AMG,AMG GT R,280.38461538461536
MERCEDES-AMG,AMG GT S,248.78070175438597
MERCEDES-AMG,AMG GTC ROADSTER,
MERCEDES-AMG,AMG S 63 4MATIC,228.89285714285714
MERCEDES-AMG,AMG SL 63,260.45
MERCEDES-AMG,MERCEDES-AMG GT,261.4423076923077
MERCEDES-AMG,MERCEDES-AMG GT C,284.0
MERCEDES-AMG,MERCEDES-AMG GT R,280.2432432432432
MERCEDES-AMG,MERCEDES-AMG GT S,262.0
MERCEDES-AMG,S 65 AMG C,
MERCEDES-BENZ,A 160,129.9928400954654
MERCEDES-BENZ,A 160 D,109.03508771929825
MERCEDES-BENZ,A 180,124.96999503229011
MERCEDES-BENZ,A 180 D,107.60429880197321
MERCEDES-BENZ,A 200,125.88592103862935
MERCEDES-BENZ,A 200 4MATIC,
MERCEDES-BENZ,A 200 D,110.44107903454804
MERCEDES-BENZ,A 200 D 4MATIC,124.33333333333333
MERCEDES-BENZ,A 200 L,
MERCEDES-BENZ,A 220,141.29131901295935
MERCEDES-BENZ,A 220 4MATIC,149.84630477436232
MERCEDES-BENZ,A 220 D,115.47688123300091
MERCEDES-BENZ,A 220 D 4MATIC,130.0
MERCEDES-BENZ,A 220D,
MERCEDES-BENZ,A 250,142.03741114852227
MERCEDES-BENZ,A 250 4MATIC,151.177471636953
MERCEDES-BENZ,A 250 E,54.80769230769231
MERCEDES-BENZ,A180,
MERCEDES-BENZ,A220,
MERCEDES-BENZ,A45 AMG 4MATIC,
MERCEDES-BENZ,A45S AMG 4MATIC,
MERCEDES-BENZ,AMG 63 S 4MATIC,
MERCEDES-BENZ,AMG A 35,168.31877022653723
MERCEDES-BENZ,AMG A 35 4MATIC,171.0
MERCEDES-BENZ,AMG A 45,191.25
MERCEDES-BENZ,AMG A 45S,192.0
MERCEDES-BENZ,AMG A35 4MATIC,200.6
MERCEDES-BENZ,AMG A45 S 4MATIC,195.0
MERCEDES-BENZ,AMG C 43,217.50591828942345
MERCEDES-BENZ,AMG C 43 4M CA,
MERCEDES-BENZ,AMG C 43 4MATIC,296.0
MERCEDES-BENZ,AMG C 63,229.37994350282486
MERCEDES-BENZ,AMG C 63 S,230.21841704718418
MERCEDES-BENZ,AMG CLA 35,167.88392857142858
MERCEDES-BENZ,AMG CLA 35 4MATIC,209.0
MERCEDES-BENZ,AMG CLA 45,193.4673913043478
MERCEDES-BENZ,AMG CLA 45 4MATIC,220.0
MERCEDES-BENZ,AMG CLA 45 S,191.27659574468086
MERCEDES-BENZ,AMG CLA 45 S 4MATIC,
MERCEDES-BENZ,AMG CLA45 S 4MATIC,
MERCEDES-BENZ,AMG CLS 53,206.0
MERCEDES-BENZ,AMG CLS 53 4MATIC,202.57799671592775
MERCEDES-BENZ,AMG CLS 53 4MATIC C,
MERCEDES-BENZ,AMG E 43 4MATIC,192.0
MERCEDES-BENZ,AMG E 53,
MERCEDES-BENZ,AMG E 53 4MATIC,202.1742006615215
MERCEDES-BENZ,AMG E 53 4MATIC CA,
MERCEDES-BENZ,AMG E 53 CA,
MERCEDES-BENZ,AMG E 63,245.27956989247312
MERCEDES-BENZ,AMG E 63 4MATIC,
MERCEDES-BENZ,AMG E 63 S,244.57400257400258
MERCEDES-BENZ,AMG E 63 S 4MATIC,254.8
MERCEDES-BENZ,AMG E 63 S 4MATIC T,
MERCEDES-BENZ,AMG E 63 S STATIONWAGON,
MERCEDES-BENZ,AMG E 63S,
MERCEDES-BENZ,AMG E63 S STATIONWAGON,
MERCEDES-BENZ,AMG G 63,299.0010327022375
MERCEDES-BENZ,AMG G 63 S,310.0
MERCEDES-BENZ,AMG G 65,397.0
MERCEDES-BENZ,AMG GLA 45,193.5084745762712
MERCEDES-BENZ,AMG GLA 45 4MATIC,
MERCEDES-BENZ,AMG GLA 45 S 4MATIC,225.0
MERCEDES-BENZ,AMG GLA3 5 4MATIC,218.0
MERCEDES-BENZ,AMG GLB 35 4MATIC,198.41666666666666
MERCEDES-BENZ,AMG GLC 43,221.5214489990467
MERCEDES-BENZ,AMG GLC 43 4MATIC,236.33596837944663
MERCEDES-BENZ,AMG GLC 43 4MATIC C,
MERCEDES-BENZ,AMG GLC 63,292.0
MERCEDES-BENZ,AMG GLC 63 4MATIC,274.8014184397163
MERCEDES-BENZ,AMG GLC 63 4MATIC C,
MERCEDES-BENZ,AMG GLC 63 S 4 MATIC,244.0
MERCEDES-BENZ,AMG GLC 63 S 4MATIC,274.2754491017964
MERCEDES-BENZ,AMG GLC 63 S 4MATIC C,
MERCEDES-BENZ,AMG GLE 43,236.98511904761904
MERCEDES-BENZ,AMG GLE 43GLE 450 4MATIC,205.0
MERCEDES-BENZ,AMG GLE 53 4MATIC,237.6153846153846
MERCEDES-BENZ,AMG GLE 63,319.0
MERCEDES-BENZ,AMG GLE 63 S,277.6666666666667
MERCEDES-BENZ,AMG GLE63 S 4MATIC,
MERCEDES-BENZ,AMG GLS 63,317.35185185185185
MERCEDES-BENZ,AMG GLS 63 S,395.0
MERCEDES-BENZ,AMG GT 43,187.0
MERCEDES-BENZ,AMG GT 43 4MATIC,212.0
MERCEDES-BENZ,AMG GT 53 4MATIC,220.4
MERCEDES-BENZ,AMG GT 63 S 4MATIC,253.4
MERCEDES-BENZ,AMG GT R,292.0
MERCEDES-BENZ,AMG GT43 4MATIC,
MERCEDES-BENZ,AMG GT53 4MATIC,
MERCEDES-BENZ,AMG GT63 S 4MATIC,
MERCEDES-BENZ,AMG GT63S 4MATIC,
MERCEDES-BENZ,AMG S 63,
MERCEDES-BENZ,AMG S 63 4MATIC,254.76543209876544
MERCEDES-BENZ,AMG S 63 4MATIC C,
MERCEDES-BENZ,AMG S 63 L 4MATIC,
MERCEDES-BENZ,AMG S 63E 4MATIC,49.0
MERCEDES-BENZ,AMG S 65,325.0
MERCEDES-BENZ,AMG SL 63,268.0
MERCEDES-BENZ,AMG SL 65,279.0
MERCEDES-BENZ,AMG SLC 43,185.02739726027397
MERCEDES-BENZ,B 160,134.24324324324326
MERCEDES-BENZ,B 160 D,123.0
MERCEDES-BENZ,B 180,127.4290724863601
MERCEDES-BENZ,B 180 D,103.9665849172287
MERCEDES-BENZ,B 200,127.53348759480653
MERCEDES-BENZ,B 200 4MATIC,
MERCEDES-BENZ,B 200 C,116.0
MERCEDES-BENZ,B 200 D,118.49850883230098
MERCEDES-BENZ,B 200 D 4MATIC,149.28318584070797
MERCEDES-BENZ,B 220,141.79633401221997
MERCEDES-BENZ,B 220 4MATIC,153.67975539105245
MERCEDES-BENZ,B 220 D,117.78194444444445
MERCEDES-BENZ,B 220 D 4MATIC,150.80769230769232
MERCEDES-BENZ,B 250,143.30223592906708
MERCEDES-BENZ,B 250 4MATIC,155.7167019027484
MERCEDES-BENZ,B 250 E,29.727272727272727
MERCEDES-BENZ,C 160,145.23489932885906
MERCEDES-BENZ,C 180,148.21460703889917
MERCEDES-BENZ,C 180 D,115.49162679425838
MERCEDES-BENZ,C 200,144.09014951627088
MERCEDES-BENZ,C 200 4MATIC,156.33626271970397
MERCEDES-BENZ,C 200 D,118.90406659388647
MERCEDES-BENZ,C 220 D,124.76895306859205
MERCEDES-BENZ,C 220 D 4MATIC,138.25969230769232
MERCEDES-BENZ,C 250,133.54545454545453
MERCEDES-BENZ,C 250 D,133.0
MERCEDES-BENZ,C 250 D 4MATIC,132.0
MERCEDES-BENZ,C 260 L 4MATIC,
MERCEDES-BENZ,C 300,150.89410245372363
MERCEDES-BENZ,C 300 4MATIC,152.89743589743588
MERCEDES-BENZ,C 300 4MATIC CA,
MERCEDES-BENZ,C 300 C,
MERCEDES-BENZ,C 300 CA,
MERCEDES-BENZ,C 300 D,138.40797546012269
MERCEDES-BENZ,C 300 D 4MATIC,146.61843515541264
MERCEDES-BENZ,C 300 DE,40.33984606275903
MERCEDES-BENZ,C 300 E,43.84552845528455
MERCEDES-BENZ,C 300 E 4MATIC,44.27272727272727
MERCEDES-BENZ,C 300 H,103.0
MERCEDES-BENZ,C 350 E,51.45945945945946
MERCEDES-BENZ,C 400 4MATIC,184.98981077147016
MERCEDES-BENZ,C 63 AMG S-MODELL C,
MERCEDES-BENZ,C 63 S,316.0
MERCEDES-BENZ,C300,
MERCEDES-BENZ,C300 C,
MERCEDES-BENZ,C300 CA,
MERCEDES-BENZ,C300D 4MATIC,180.0
MERCEDES-BENZ,C400 4MATIC,
MERCEDES-BENZ,CITAN,126.03729669097028
MERCEDES-BENZ,CLA 180,137.25541002277905
MERCEDES-BENZ,CLA 180 D,104.58058925476602
MERCEDES-BENZ,CLA 200,137.19294377067254
MERCEDES-BENZ,CLA 200 4MATIC,
MERCEDES-BENZ,CLA 200 D,125.46021220159152
MERCEDES-BENZ,CLA 200 D 4MATIC,137.51724137931035
MERCEDES-BENZ,CLA 220,142.03995476818696
MERCEDES-BENZ,CLA 220 4MATIC,157.5481682496608
MERCEDES-BENZ,CLA 220 D,123.43565088757397
MERCEDES-BENZ,CLA 220 D 4MATIC,143.9126984126984
MERCEDES-BENZ,CLA 250,144.5746402877698
MERCEDES-BENZ,CLA 250 4MATIC,154.3671562082777
MERCEDES-BENZ,CLA 250 E,
MERCEDES-BENZ,CLA 35 4MATIC,205.0
MERCEDES-BENZ,CLA 45 S 4MATIC,220.0
MERCEDES-BENZ,CLS 220 D,132.77380952380952
MERCEDES-BENZ,CLS 260,
MERCEDES-BENZ,CLS 300,162.0
MERCEDES-BENZ,CLS 300 D,142.03010752688172
MERCEDES-BENZ,CLS 350,162.65968586387436
MERCEDES-BENZ,CLS 350 4MATIC,
MERCEDES-BENZ,CLS 350 D,148.34615384615384
MERCEDES-BENZ,CLS 350 D 4MATIC,157.2314814814815
MERCEDES-BENZ,CLS 400 D 4MATIC,158.068
MERCEDES-BENZ,CLS 450,
MERCEDES-BENZ,CLS 450 4MATIC,184.5464824120603
MERCEDES-BENZ,CLS 450 C,
MERCEDES-BENZ,CSL 450 C,
MERCEDES-BENZ,DAIMLER D,0.0
MERCEDES-BENZ,E 180,159.0
MERCEDES-BENZ,E 200,160.20091324200914
MERCEDES-BENZ,E 200 4MATIC,170.85380116959064
MERCEDES-BENZ,E 200 D,122.89400106175898
MERCEDES-BENZ,E 220 D,128.5803065490014
MERCEDES-BENZ,E 220 D 4MATIC,139.21624758220503
MERCEDES-BENZ,E 220 D 4MATIC ALLTERRAIN,149.20532319391634
MERCEDES-BENZ,E 250,140.9811320754717
MERCEDES-BENZ,E 260,
MERCEDES-BENZ,E 260 4MATIC,
MERCEDES-BENZ,E 300,166.72215108834828
MERCEDES-BENZ,E 300 4MATIC,
MERCEDES-BENZ,E 300 D,140.24521824423738
MERCEDES-BENZ,E 300 D 4MATIC,172.0
MERCEDES-BENZ,E 300 DE,44.405050705905744
MERCEDES-BENZ,E 300 DE 4MATIC,
MERCEDES-BENZ,E 300 E,46.55555555555556
MERCEDES-BENZ,E 300 E 4MATIC,
MERCEDES-BENZ,E 350,159.31120331950208
MERCEDES-BENZ,E 350 4MATIC,201.28571428571428
MERCEDES-BENZ,E 350 BLUETEC,184.0
MERCEDES-BENZ,E 350 CABRIOLET,214.0
MERCEDES-BENZ,E 350 D,145.89766081871346
MERCEDES-BENZ,E 350 D 4MATIC,169.6
MERCEDES-BENZ,E 350 E,57.0
MERCEDES-BENZ,E 400 4MATIC,192.8780487804878
MERCEDES-BENZ,E 400 4MATIC ALLTERRAIN,
MERCEDES-BENZ,E 400 D,145.0
MERCEDES-BENZ,E 400 D 4 MATIC,159.79430604982207
MERCEDES-BENZ,E 400 D 4MATIC,160.04627249357327
MERCEDES-BENZ,E 400 D 4MATIC ALLTERRAIN,168.06455399061034
MERCEDES-BENZ,E 450,
MERCEDES-BENZ,E 450 4MATIC,200.26817917393834
MERCEDES-BENZ,E 450 4MATIC ALLTERRAIN,209.0
MERCEDES-BENZ,E 450 4MATIC C,
MERCEDES-BENZ,E 450 4MATIC T,
MERCEDES-BENZ,E 450 C,
MERCEDES-BENZ,E 450 CA,218.0
MERCEDES-BENZ,E 63 AMG S 4MATIC T,
MERCEDES-BENZ,E 63 AMG S-MODELL,
MERCEDES-BENZ,E 63 AMG S-MODELL 4M,
MERCEDES-BENZ,E-V-KLASSE,0.0
MERCEDES-BENZ,E220 D,
MERCEDES-BENZ,E33 AMG S-MODELL,
MERCEDES-BENZ,E450 4 MATIC CA,
MERCEDES-BENZ,E450 4MATIC CA,
MERCEDES-BENZ,EQA 250,0.0
MERCEDES-BENZ,EQA 350 4MATIC,0.0
MERCEDES-BENZ,EQB 250,0.0
MERCEDES-BENZ,EQB 300 4MATIC,0.0
MERCEDES-BENZ,EQB 350 4MATIC,0.0
MERCEDES-BENZ,EQC 350 4MATIC,0.0
MERCEDES-BENZ,EQC 400 4MATIC,0.0
MERCEDES-BENZ,EQC 4MATIC,0.0
MERCEDES-BENZ,EVITO,0.0
MERCEDES-BENZ,EVITO TOURER,0.0
MERCEDES-BENZ,G 280 CDI,291.0
MERCEDES-BENZ,G 350,
MERCEDES-BENZ,G 350 D,253.7915567282322
MERCEDES-BENZ,G 400 D,252.27947598253274
MERCEDES-BENZ,G 500,264.2267180475273
MERCEDES-BENZ,G 500 4X42,289.0
MERCEDES-BENZ,GL 350 BLUETEC 4MATIC,195.0
MERCEDES-BENZ,GLA 180,151.04518841014863
MERCEDES-BENZ,GLA 180 D,108.42857142857143
MERCEDES-BENZ,GLA 200,148.56415055105012
MERCEDES-BENZ,GLA 200 4MATIC,
MERCEDES-BENZ,GLA 200 D,149.29735234215886
MERCEDES-BENZ,GLA 200 D 4MATIC,155.19736842105263
MERCEDES-BENZ,GLA 220 4MATIC,167.21973094170403
MERCEDES-BENZ,GLA 220 D,146.12765957446808
MERCEDES-BENZ,GLA 220 D 4MATIC,155.7795275590551
MERCEDES-BENZ,GLA 250,160.44084507042254
MERCEDES-BENZ,GLA 250 4MATIC,169.2038314176245
MERCEDES-BENZ,GLA 250 E,
MERCEDES-BENZ,GLB 180,
MERCEDES-BENZ,GLB 180 D,145.0
MERCEDES-BENZ,GLB 180 D 4MATIC,
MERCEDES-BENZ,GLB 200,148.1
MERCEDES-BENZ,GLB 200 4MATIC,
MERCEDES-BENZ,GLB 200 D,129.9268292682927
MERCEDES-BENZ,GLB 200 D 4MATIC,145.22222222222223
MERCEDES-BENZ,GLB 220 D,
MERCEDES-BENZ,GLB 220 D 4MATIC,142.0
MERCEDES-BENZ,GLB 250,
MERCEDES-BENZ,GLB 250 4MATIC,169.54
MERCEDES-BENZ,GLC 200,175.3846153846154
MERCEDES-BENZ,GLC 200 4MATIC,166.53587268458128
MERCEDES-BENZ,GLC 200 4MATIC C,
MERCEDES-BENZ,GLC 200 D,155.13333333333333
MERCEDES-BENZ,GLC 200 D 4MATIC,140.07221750212403
MERCEDES-BENZ,GLC 220 D,153.8
MERCEDES-BENZ,GLC 220 D 4MATIC,145.32594198066022
MERCEDES-BENZ,GLC 250 4MATIC,173.59318306761958
MERCEDES-BENZ,GLC 250 D 4MATIC,160.79174543163202
MERCEDES-BENZ,GLC 300,
MERCEDES-BENZ,GLC 300 4 MATIC,229.0
MERCEDES-BENZ,GLC 300 4MATIC,171.5332788893426
MERCEDES-BENZ,GLC 300 4MATIC C,
MERCEDES-BENZ,GLC 300 D,
MERCEDES-BENZ,GLC 300 D 4MATIC,155.5514275885793
MERCEDES-BENZ,GLC 300 DE 4MATIC,
MERCEDES-BENZ,GLC 300 E 4MATIC,57.84615384615385
MERCEDES-BENZ,GLC 300 MATIC,
MERCEDES-BENZ,GLC 350 D 4MATIC,179.13695937090432
MERCEDES-BENZ,GLC 350 E 4MATIC,59.42696629213483
MERCEDES-BENZ,GLC 400 D 4MATIC,174.38235294117646
MERCEDES-BENZ,GLC F-CELL,0.0
MERCEDES-BENZ,GLE 250 D,
MERCEDES-BENZ,GLE 250 D 4MATIC,155.37155963302752
MERCEDES-BENZ,GLE 300,
MERCEDES-BENZ,GLE 300 D 4MATIC,162.8477192982456
MERCEDES-BENZ,GLE 300D 4MATIC,226.0
MERCEDES-BENZ,GLE 320 4MATIC,206.0
MERCEDES-BENZ,GLE 350,
MERCEDES-BENZ,GLE 350 4MATIC,
MERCEDES-BENZ,GLE 350 D 4MATIC,193.72420133302688
MERCEDES-BENZ,GLE 350 DE 4MATIC,28.0
MERCEDES-BENZ,GLE 350 DE 4MATIC COUPE,29.0
MERCEDES-BENZ,GLE 350 E 4MATIC,
MERCEDES-BENZ,GLE 400 4MATIC,236.81147540983608
MERCEDES-BENZ,GLE 400 D 4MATIC,190.9011280690113
MERCEDES-BENZ,GLE 400 D 4MATIC COUPE,208.0
MERCEDES-BENZ,GLE 400D 4MATIC,
MERCEDES-BENZ,GLE 450 4MATIC,197.16191066997519
MERCEDES-BENZ,GLE 500 4MATIC,249.79310344827587
MERCEDES-BENZ,GLE 500 E 4MATIC,82.5
MERCEDES-BENZ,GLE 580 4MATIC,
MERCEDES-BENZ,GLS 350 D 4MATIC,208.66575342465754
MERCEDES-BENZ,GLS 400 4MATIC,243.0
MERCEDES-BENZ,GLS 400 D 4MATIC,201.7784090909091
MERCEDES-BENZ,GLS 450 4MATIC,251.0
MERCEDES-BENZ,GLS 450 4MATIC MAYBACH,
MERCEDES-BENZ,GLS 500 4MATIC,280.3809523809524
MERCEDES-BENZ,GLS 580 4MATIC,251.0
MERCEDES-BENZ,GLS 600 4MATIC MAYBACH,258.0
MERCEDES-BENZ,MARCO POLO,183.61385606874327
MERCEDES-BENZ,MERCEDES-BENZ,276.0
MERCEDES-BENZ,MOBILITY 23,183.66666666666666
MERCEDES-BENZ,MOBILITY 23 LL,187.5
MERCEDES-BENZ,R 350 BLUETEC 4MATIC,223.0
MERCEDES-BENZ,S 320,
MERCEDES-BENZ,S 350,
MERCEDES-BENZ,S 350 BLUETEC 4MATIC,194.0
MERCEDES-BENZ,S 350 D,159.4388888888889
MERCEDES-BENZ,S 350 D 4MATIC,163.98275862068965
MERCEDES-BENZ,S 350 L,251.0
MERCEDES-BENZ,S 350 L 6B2A10,
MERCEDES-BENZ,S 400 4MATIC,204.0
MERCEDES-BENZ,S 400 D,156.44444444444446
MERCEDES-BENZ,S 400 D 4MATIC,165.49301675977654
MERCEDES-BENZ,S 400 E,
MERCEDES-BENZ,S 450,168.45959595959596
MERCEDES-BENZ,S 450 4MATIC,191.66876971608832
MERCEDES-BENZ,S 450 4MATIC MAYBACH,
MERCEDES-BENZ,S 450 L,251.0
MERCEDES-BENZ,S 450 L 4MATIC,
MERCEDES-BENZ,S 500,168.71317829457365
MERCEDES-BENZ,S 500 4MATIC,195.34285714285716
MERCEDES-BENZ,S 500 L 4MATIC,
MERCEDES-BENZ,S 560,224.20812182741116
MERCEDES-BENZ,S 560 4MATIC,226.39598540145985
MERCEDES-BENZ,S 560 4MATIC MAYBACH,232.873786407767
MERCEDES-BENZ,S 560 CA,
MERCEDES-BENZ,S 560 E,59.51178451178451
MERCEDES-BENZ,S 560 L,
MERCEDES-BENZ,S 560 L 4MATIC,
MERCEDES-BENZ,S 560 MAYBACH,230.5
MERCEDES-BENZ,S 580 4MATIC,251.0
MERCEDES-BENZ,S 580 4MATIC MAYBACH,
MERCEDES-BENZ,S 580 E,206.0
MERCEDES-BENZ,S 580 E 4MATIC,
MERCEDES-BENZ,S 600,320.0
MERCEDES-BENZ,S 63 AMG 4MATIC,242.0
MERCEDES-BENZ,S 650 4MATIC GUARD,328.0
MERCEDES-BENZ,S 650 4MATIC MAYBACH,
MERCEDES-BENZ,S 650 MAYBACH,313.02061855670104
MERCEDES-BENZ,S350D,182.0
MERCEDES-BENZ,S65 AMG,
MERCEDES-BENZ,SL 400,191.76984126984127
MERCEDES-BENZ,SL 500,221.64761904761906
MERCEDES-BENZ,SL 550,
MERCEDES-BENZ,SL 63 AMG,
MERCEDES-BENZ,SLC 180,144.35479041916167
MERCEDES-BENZ,SLC 200,154.64915758176411
MERCEDES-BENZ,SLC 250 D,114.0
MERCEDES-BENZ,SLC 300,158.98329853862214
MERCEDES-BENZ,SLK 200,151.0
MERCEDES-BENZ,SPRINTER,193.40048899755502
MERCEDES-BENZ,SPRINTER 214 CDI,204.0
MERCEDES-BENZ,SPRINTER MOBILITY 23,187.0
MERCEDES-BENZ,V 220,
MERCEDES-BENZ,V 300,
MERCEDES-BENZ,V-KLASSE,171.50021652051532
MERCEDES-BENZ,V-KLASSE EQ,0.0
MERCEDES-BENZ,VITO,165.3490566037736
MERCEDES-BENZ,VITO 115 CDI,231.0
MERCEDES-BENZ,VITO TOURER,165.34028279492208
MINI,CLUBMAN COOPER,127.67731092436975
MINI,CLUBMAN COOPER D,112.61460446247465
MINI,CLUBMAN COOPER S,135.7581755593804
MINI,CLUBMAN COOPER S ALL4,143.78092783505156
MINI,CLUBMAN COOPER SD,115.95092024539878
MINI,CLUBMAN COOPER SD ALL4,124.48728813559322
MINI,CLUBMAN JOHN COOPER WORKS,155.8181818181818
MINI,CLUBMAN JOHN COOPER WORKS ALL4,161.67368421052632
MINI,CLUBMAN ONE,128.92109256449166
MINI,CLUBMAN ONE D,109.03383458646617
MINI,COOPER,121.04688259896898
MINI,COOPER D,104.1935975609756
MINI,COOPER S,134.00597609561754
MINI,COOPER SD,111.77210884353741
MINI,COOPER SE,0.0
MINI,COUNTRYMAN COOPER,131.51317715959004
MINI,COUNTRYMAN COOPER ALL4,140.30939226519337
MINI,COUNTRYMAN COOPER D,116.97101449275362
MINI,COUNTRYMAN COOPER D ALL4,127.44303797468355
MINI,COUNTRYMAN COOPER S,138.8124362895005
MINI,COUNTRYMAN COOPER S ALL4,148.43040685224838
MINI,COUNTRYMAN COOPER SD,118.24657534246575
MINI,COUNTRYMAN COOPER SD ALL4,128.1590909090909
MINI,COUNTRYMAN COOPER SE ALL4,49.54704595185996
MINI,COUNTRYMAN JCW ALL4,161.55400696864112
MINI,COUNTRYMAN ONE,133.2217135382603
MINI,COUNTRYMAN ONE D,113.1609756097561
MINI,JOHN COOPER WORKS,144.94317578332448
MINI,M850I XDRIVE,131.0
MINI,ONE,119.49065832731938
MINI,ONE D,101.23195876288659
MITSUBISHI,ASX,178.0
MITSUBISHI,ECLIPSE CROSS,127.14285714285714
MITSUBISHI,MITSUBISHI ASX,144.52795275590552
MITSUBISHI,MITSUBISHI ECLIPSE CROSS,163.49892086330937
MITSUBISHI,MITSUBISHI OUTLANDER,89.96461990909901
MITSUBISHI,MITSUBISHI PAJERO/MONTERO,245.0
MITSUBISHI,MITSUBISHI SPACE STAR,106.3828
MITSUBISHI,OUTLANDER,38.0
MITSUBISHI,PAJERO SPORT,187.0
MORGAN,4/4,143.0
MORGAN,PIUS 4,207.0
MORGAN,PLUS 4,199.45714285714286
MORGAN,PLUS 6,185.0
MORGAN,PLUS SIX,187.0
MORGAN,ROADSTER,249.08333333333334
MORGAN,ROADSTER SPORT,247.8
MPM MOTORS,ERELIS,137.0
MPM MOTORS,PS160,158.0
NIO,NIO ES8,0.0
NISSAN,NISSAN 370Z,277.172131147541
NISSAN,NISSAN 370Z ROADSTER,271.05494505494505
NISSAN,NISSAN E-NV200,0.0
NISSAN,NISSAN GT-R,289.6470588235294
NISSAN,NISSAN JUKE,154.6628010704728
NISSAN,NISSAN LEAF 40 KWH,0.0
NISSAN,NISSAN LEAF 62 KWH,0.0
NISSAN,NISSAN MAXIMA 35 SR,256.0
NISSAN,NISSAN MICRA,112.28959529477665
NISSAN,NISSAN NV300,153.61325966850828
NISSAN,NISSAN NV400,197.8181818181818
NISSAN,NISSAN PULSAR,118.46153846153847
NISSAN,NISSAN QASHQAI,129.71801508322548
NISSAN,NISSAN X-TRAIL,149.29124767225326
OPEL,ADAM,132.53203155597828
OPEL,ADAM CUP,167.0
OPEL,AMPERA-E,0.0
OPEL,ASTRA,123.26942425936278
OPEL,ASTRA GTC,184.0
OPEL,ASTRA NOTCHBACK,147.28571428571428
OPEL,ASTRA SPORTS TOURER,123.80281546811398
OPEL,CASCADA,166.56013001083423
OPEL,COMBO LIFE,120.56180380883939
OPEL,COMBO VAN,149.0
OPEL,COMMODORE,188.94444444444446
OPEL,CORSA,95.31539108494533
OPEL,CORSA-E,130.44379968541426
OPEL,CROSSLAND,115.0
OPEL,CROSSLAND X,115.85403618649966
OPEL,DS3 CROSSBACK E-TENSE,0.0
OPEL,GRANDLAND X,121.01825469647945
OPEL,GRANDLAND X HYBRID,49.0
OPEL,INSIGNIA,159.85714285714286
OPEL,INSIGNIA GRAND SPORT,142.28406732764583
OPEL,INSIGNIA SPORTS TOURER,145.12754024328063
OPEL,KARL / VIVA,115.50256410256411
OPEL,KARL ROCKS / VIVA ROCKS,117.76548559775682
OPEL,MOKKA,
OPEL,MOKKA X,154.47976219072785
OPEL,MOVANO,197.28030303030303
OPEL,NISSAN INTERSTAR,150.0
OPEL,VIVARO-B,161.79429376541034
OPEL,VIVARO/ZAFIRA LIFE,146.22222222222223
OPEL,ZAFIRA LIFE,142.36235294117648
OPEL,ZAFIRA TOURER,166.44246326564306
PAGANI,HUAYRA ROADSTER,343.0
PEUGEOT,108,89.349572243346
PEUGEOT,2008,116.57927028795811
PEUGEOT,208,108.18342306247652
PEUGEOT,3008,120.11428801546391
PEUGEOT,3008 HYBRID,132.0
PEUGEOT,301,113.0
PEUGEOT,308,109.54219085609083
PEUGEOT,5008,121.89667535853977
PEUGEOT,508,120.79045226130653
PEUGEOT,508 HYBRID,160.0
PEUGEOT,BOXER,167.51953125
PEUGEOT,CITROEN C5 AIRCROSS,141.0
PEUGEOT,EXPERT TRAVELLER,148.39454926624737
PEUGEOT,ION,0.0
PEUGEOT,PARTNER,117.0
PEUGEOT,PARTNER ODER RANCH,148.0
PEUGEOT,PEUGEOT,108.33333333333333
PEUGEOT,PEUGEOT 108,96.44444444444444
PEUGEOT,PEUGEOT 2008,129.5
PEUGEOT,PEUGEOT 208,127.0
PEUGEOT,PEUGEOT 208 E-TENSE,0.0
PEUGEOT,PEUGEOT 3008,137.28571428571428
PEUGEOT,PEUGEOT 308,122.22222222222223
PEUGEOT,PEUGEOT EXPERT,0.0
PEUGEOT,PEUGEOT RIFTER,114.0
PEUGEOT,PEUGEOT TRAVELLER,137.55555555555554
PEUGEOT,RIFTER,119.6307582260372
PEUGEOT,ZAFIRA LIFE,140.07
PIAGGIO,PORTER,150.0
PILOTE,P700GJ,
PILOTE,P746FC,315.0
PILOTE,P746GJ,320.0
POESSL,CAMPSTER 001,155.54615384615386
POESSL,JUMPY SPACETOURER,144.0
PORSCHE,718 BOXSTER,180.04885993485343
PORSCHE,718 BOXSTER GTS,194.6627078384798
PORSCHE,718 BOXSTER S,192.97802197802199
PORSCHE,718 BOXSTER SPYDER,249.43359375
PORSCHE,718 BOXSTER T,182.63837638376384
PORSCHE,718 CAYMAN,180.42492917847025
PORSCHE,718 CAYMAN GT4,248.03703703703704
PORSCHE,718 CAYMAN GTS,193.52173913043478
PORSCHE,718 CAYMAN S,195.34426229508196
PORSCHE,718 CAYMAN T,181.84337349397592
PORSCHE,911 CARRERA,203.6876456876457
PORSCHE,911 CARRERA 4,208.19266055045873
PORSCHE,911 CARRERA 4 GTS,205.43386243386243
PORSCHE,911 CARRERA 4S,206.49839871897518
PORSCHE,911 CARRERA GTS,201.63114754098362
PORSCHE,911 CARRERA S,206.34678819444446
PORSCHE,911 CARRERA T,205.5
PORSCHE,911 GT2 RS,295.8
PORSCHE,911 GT3,291.77777777777777
PORSCHE,911 GT3 RS,301.355421686747
PORSCHE,911 R,308.0
PORSCHE,911 SPEEDSTER,316.6190476190476
PORSCHE,911 TARGA 4,182.0
PORSCHE,911 TARGA 4 GTS,207.2577319587629
PORSCHE,911 TARGA 4S,211.36363636363637
PORSCHE,911 TARGA S,207.5
PORSCHE,911 TURBO,218.51282051282053
PORSCHE,911 TURBO S,225.6969696969697
PORSCHE,BOXSTER,211.52
PORSCHE,BOXSTER GTS,221.1
PORSCHE,BOXSTER S,184.06666666666666
PORSCHE,BOXSTER T,185.0
PORSCHE,CAYENNE,210.01043585021486
PORSCHE,CAYENNE COUPE,118.80701754385964
PORSCHE,CAYENNE DIESEL,237.0
PORSCHE,CAYENNE DIESEL COUPE,192.0
PORSCHE,CAYENNE E-HYBRID,72.61668228678538
PORSCHE,CAYENNE GTS,185.0
PORSCHE,CAYENNE GTS COUPE,152.5
PORSCHE,CAYENNE S,214.11222780569514
PORSCHE,CAYENNE TURBO,259.5757874015748
PORSCHE,CAYENNE TURBO COUPE,157.51020408163265
PORSCHE,CAYENNE TURBO S,102.0
PORSCHE,CAYENNE TURBO S E-HYBRID,89.04929577464789
PORSCHE,CAYENNE V8 GT COUPE,185.0
PORSCHE,CAYMAN,203.74074074074073
PORSCHE,CAYMAN GTS,228.42857142857142
PORSCHE,CAYMAN S,186.25
PORSCHE,CAYMAN T,184.71428571428572
PORSCHE,GT4,237.0
PORSCHE,GT4 RS,237.0
PORSCHE,MACAN,184.71098265895955
PORSCHE,MACAN GTS,193.16363636363636
PORSCHE,MACAN S,203.13829301688727
PORSCHE,MACAN TURBO,220.0891364902507
PORSCHE,PANAMERA,188.75686274509803
PORSCHE,PANAMERA 4,63.26075268817204
PORSCHE,PANAMERA 4 E-HYBRID,193.27272727272728
PORSCHE,PANAMERA 4S,177.96396396396398
PORSCHE,PANAMERA GTS,239.49247491638795
PORSCHE,PANAMERA TUBRO,239.76071428571427
PORSCHE,PANAMERA TURBO GTS,236.0
PORSCHE,PANAMERA TURBO S,149.6
PORSCHE,PANAMERA TURBO S E-HYBRID,74.29850746268657
PORSCHE,PANAMERA V8 GTS,222.2
PORSCHE,SPYDER,234.75
PORSCHE,TAYCAN CROSSTURISMO,0.0
R1EAMG,AMG GT 53,
R1ECLS,CLS 450 4MATIC,
RENAULT,CAPTUR,124.02458164618196
RENAULT,CLIO,111.57820745739251
RENAULT,ESPACE,157.13670411985018
RENAULT,KADJAR,131.9373229217055
RENAULT,KANGOO,121.35285913528591
RENAULT,KOLEOS,160.0671936758893
RENAULT,MASTER,199.53804347826087
RENAULT,MEGANE,125.33433082898256
RENAULT,SCENIC,133.29887664722403
RENAULT,SCENIC HYBRID ASSIST,94.0
RENAULT,TALISMAN,151.64010097367472
RENAULT,TRAFFIC,161.26332665330662
RENAULT,TWINGO,109.41869574423036
RENAULT,ZOE,0.0
RENAULT OU DACIA,DUSTER,145.0
ROLLER TEAM,LIVINGSTONE DUO PRESTIGE,178.0
ROLLS-ROYCE,CULLINAN,341.0
ROLLS-ROYCE,CULLINAN BLACK BADGE,343.0
ROLLS-ROYCE,DAWN,356.2
ROLLS-ROYCE,GHOST,353.6
ROLLS-ROYCE,PHANTOM,326.625
ROLLS-ROYCE,WRAITH,347.46153846153845
SEAT,ALHAMBRA,147.8099069406747
SEAT,ARONA,112.61286316256376
SEAT,ATECA,132.5737749423103
SEAT,CUPRA ATECA,168.00896358543417
SEAT,IBIZA,107.20441910864035
SEAT,IBIZA ST,97.0
SEAT,LEON,119.5398224556139
SEAT,LEON SC,155.5
SEAT,LEON SPORTOURER ST,119.77911749615187
SEAT,LEON SPORTSTOURER,102.0
SEAT,LEON ST,125.2467780183524
SEAT,LEON X-PERIENCE,138.40625
SEAT,MII,96.32045717592592
SEAT,TARRACO,149.82920055544534
SEAT,TOLEDO,107.8840579710145
SKODA,CITIGO,96.6511591600968
SKODA,FABIA,108.21905697445972
SKODA,KAMIQ,114.44392401769451
SKODA,KAROQ,130.91893753074274
SKODA,KODIAQ,148.56449631449632
SKODA,KODIAQ GT,209.0
SKODA,OCTAVIA,120.98077449245754
SKODA,OKTAVIA,144.5
SKODA,RAPIDE,110.11646586345381
SKODA,SCALA,112.39574002189708
SKODA,SUPERB,124.7672386755679
SMART,CABRIO ELECTRIC DRIVE,0.0
SMART,ELECTRIC DRIVE,0.0
SMART,EQ FORFOUR,0.0
SMART,EQ FORTWO CABRIO,0.0
SMART,EQ FORTWO COUPE,0.0
SMART,FORFOUR,117.12181340341655
SMART,FORFOUR 66KW TURBO,
SMART,FORFOUR BRABUS,104.0
SMART,FORFOUR ELECTRIC DRIVE,0.0
SMART,FORTWO CABRIO,121.13689482470785
SMART,FORTWO CABRIO BRABUS,104.0
SMART,FORTWO CABRIO ED,0.0
SMART,FORTWO CABRIO MHD,100.0
SMART,FORTWO COUPE,113.23384922030719
SMART,FORTWO COUPE BRABUS,102.0
SMART,FORTWO COUPE ED,0.0
SMART,FORTWO COUPE MHD,97.0
SMART,FORTWO ELECTRIC DRIVE,0.0
SMART,GLC 300 4MATIC,
SMART,SMART CABRIO ELECTRIC DRIVE,0.0
SMART,SMART FORFOUR 52KW,
SMART,SMART FORFOUR BRABUS 80KW,104.0
SMART,SMART FORFOUR ELECTRIC DRIVE,0.0
SMART,SMART FORTWO ELECTRIC DRIVE,0.0
SONO MOTORS GMBH,SION,0.0
SORTIMO SPEEDWAVE,EUROLINE,175.66666666666666
SSANGYONG,SSANGYONG KORANDO,169.1891891891892
SSANGYONG,SSANGYONG REXTON,215.29888888888888
SSANGYONG,SSANGYONG RODIUS,198.6315789473684
SSANGYONG,SSANGYONG TIVOLI,159.89589302769818
SSANGYONG,SSANGYONG XLV,167.99319727891157
SSANGYONG,T-CAR,0.0
SUBARU,BRZ,192.35714285714286
SUBARU,FORESTER,166.53401534526853
SUBARU,IMPREZA,153.87857142857143
SUBARU,LEVORG,164.98507462686567
SUBARU,OUTBACK,166.37052631578948
SUBARU,SUBARU XV,151.0
SUBARU,SUBARU Z,190.7295081967213
SUBARU,WRX,258.66265060240966
SUBARU,XV,156.12188659247482
SUZUKI,BALENO,107.57502168256721
SUZUKI,CELERIO,95.7785998861696
SUZUKI,IGNIS,109.86569086651053
SUZUKI,JIMNY,156.4126370083817
SUZUKI,SWIFT,113.63762626262626
SUZUKI,SWIFT SPORT,130.0
SUZUKI,SX4,119.30555555555556
SUZUKI,SX4 SUZUKI SX4,135.5359131403118
SUZUKI,VITARA,134.28820835718375
SYMC,C300,182.0
TATA,TATA,234.0
TESLA,MODEL 3,0.0
TESLA,MODEL S,0.0
TESLA,MODEL X,0.0
THINK,THINK CITY,0.0
THUNDERBOLT,THUNDERBOLT,367.0
TOTH ES FIAI,CLEVER,166.33333333333334
TOYOTA,4RUNNER,
TOYOTA,FORTUNER,
TOYOTA,LANDCRUISER,327.0
TOYOTA,NHP130LCHXGBW3P,91.0
TOYOTA,PROACE,145.68651685393257
TOYOTA,TOYOTA 4 RUNNER,289.0
TOYOTA,TOYOTA AURIS,105.76177536231884
TOYOTA,TOYOTA AVENSIS,143.0
TOYOTA,TOYOTA AYGO,93.42383916434142
TOYOTA,TOYOTA C-HR,94.17082683307332
TOYOTA,TOYOTA CAMRY,100.72527472527473
TOYOTA,TOYOTA COROLLA,91.6557443639564
TOYOTA,TOYOTA GT86,193.38403041825094
TOYOTA,TOYOTA HILUX,185.0
TOYOTA,TOYOTA LAND CRUISER,207.486931268151
TOYOTA,TOYOTA LAND CRUISER 150,209.5
TOYOTA,TOYOTA LAND CRUISER 200,347.0
TOYOTA,TOYOTA LAND CRUISER V8,391.0
TOYOTA,TOYOTA MIRAI,0.0
TOYOTA,TOYOTA PRIUS,83.3538961038961
TOYOTA,TOYOTA PRIUS PHV,29.143283582089552
TOYOTA,TOYOTA PRIUS PLUS,107.4555052790347
TOYOTA,TOYOTA RAV4,112.05281899109792
TOYOTA,TOYOTA SUPRA,170.0
TOYOTA,TOYOTA VERSO,119.0
TOYOTA,TOYOTA YARIS,112.0514190932547
TOYOTA,TOYOTA YARIS GRMN,170.0
TOYOTA,TOYOTA YARIS HYBRID,85.84233326616966
TOYOTA,YARIS,205.0
VOLKSWAGEN MOTORSPORT,POLO,230.0
VOLKSWAGEN VW,A-SUVE,0.0
VOLKSWAGEN VW,ARTEON,132.6778903456496
VOLKSWAGEN VW,ARTEON SHOOTING BREAK,203.2
VOLKSWAGEN VW,ATLAS,289.07575757575756
VOLKSWAGEN VW,ATLAS CROSS SPORT,265.0
VOLKSWAGEN VW,BEETLE,128.30392156862746
VOLKSWAGEN VW,BORA,0.0
VOLKSWAGEN VW,BORA C-TREK,171.0
VOLKSWAGEN VW,C-TREK,163.0
VOLKSWAGEN VW,CADDY,141.45447739331402
VOLKSWAGEN VW,CADDY ALLTRACK,174.0
VOLKSWAGEN VW,CALIFORNIA,199.31069958847738
VOLKSWAGEN VW,CALIFORNIA BEACH,194.49932523616735
VOLKSWAGEN VW,CARAVELLE,218.5
VOLKSWAGEN VW,CRAFTER,140.8695652173913
VOLKSWAGEN VW,CRAFTER 35,
VOLKSWAGEN VW,GOLF,116.07247753173353
VOLKSWAGEN VW,GOLF R 20 BM,160.0
VOLKSWAGEN VW,GOLF SPORTSVAN,118.20503012336233
VOLKSWAGEN VW,GOLF VARIANT,170.0
VOLKSWAGEN VW,ID3,0.0
VOLKSWAGEN VW,ID4,0.0
VOLKSWAGEN VW,JETTA,195.01052631578946
VOLKSWAGEN VW,JETTA VS5,183.25
VOLKSWAGEN VW,JETTA VS7,196.0
VOLKSWAGEN VW,KODIAQ,243.0
VOLKSWAGEN VW,KOMBI,182.5566695727986
VOLKSWAGEN VW,LAMANDO,187.0
VOLKSWAGEN VW,LAVIDA,47.93333333333333
VOLKSWAGEN VW,MAGOTAN,174.9607843137255
VOLKSWAGEN VW,MOIA,0.0
VOLKSWAGEN VW,MULTIVAB,
VOLKSWAGEN VW,MULTIVAN,189.09438323824514
VOLKSWAGEN VW,MULTIVAN 4MOTION,220.0
VOLKSWAGEN VW,NEO,0.0
VOLKSWAGEN VW,NEO RANGE,0.0
VOLKSWAGEN VW,NEW BORA,21.5
VOLKSWAGEN VW,PASSAT,119.60133279072133
VOLKSWAGEN VW,PHIDEON,241.6
VOLKSWAGEN VW,POL,
VOLKSWAGEN VW,POLO,111.08644342823425
VOLKSWAGEN VW,Q4,0.0
VOLKSWAGEN VW,SAGITAR,174.0
VOLKSWAGEN VW,SANTANA,161.0
VOLKSWAGEN VW,SAVEIRO CROSS,
VOLKSWAGEN VW,SHARAN,147.51306489612335
VOLKSWAGEN VW,T-CROSS,113.5024075012671
VOLKSWAGEN VW,T-ROC,125.9401003998979
VOLKSWAGEN VW,TACQUA,182.14285714285714
VOLKSWAGEN VW,TAYRON,203.94736842105263
VOLKSWAGEN VW,TERAMONT,282.11290322580646
VOLKSWAGEN VW,THARU,109.13793103448276
VOLKSWAGEN VW,TIGUAN,143.5537957337962
VOLKSWAGEN VW,TOUAREG,176.78650698602794
VOLKSWAGEN VW,TOUAREG BMT R4 TFSI A8A,272.0
VOLKSWAGEN VW,TOURAN,126.16272481546939
VOLKSWAGEN VW,TRANSPORTER,188.34444444444443
VOLKSWAGEN VW,TYLEON,237.0
VOLKSWAGEN VW,UP!,96.33639196675901
VOLKSWAGEN VW,VIRTUS,154.5
VOLKSWAGEN VW,VOLKSWAGEN ATLAS,306.0
VOLVO,S60,153.224
VOLVO,S60 CROSS COUNTRY,168.0
VOLVO,S60 T8 TWIN ENGINE,40.03125
VOLVO,S90,136.07608695652175
VOLVO,S90 T8 EXCELLENCE,49.0
VOLVO,S90 T8 TWIN ENGINE,45.65811965811966
VOLVO,V40,132.27022939248803
VOLVO,V40 CROSS COUNTRY,129.5589519650655
VOLVO,V60,136.29417138680796
VOLVO,V60 CROSS COUNTRY,144.17963224893919
VOLVO,V60 T6 TWIN ENGINE,39.0
VOLVO,V60 T8 TWIN ENGINE,44.63174603174603
VOLVO,V90,139.98490168539325
VOLVO,V90 CROSS COUNTRY,150.70948012232415
VOLVO,V90 T8 TWIN ENGINE,46.555837563451774
VOLVO,XC40,143.31765339902995
VOLVO,XC40 T5 AWD,242.0
VOLVO,XC60,144.4112810707457
VOLVO,XC60 T6 AWD,284.0
VOLVO,XC60 T8 TWIN ENGINE,51.10857142857143
VOLVO,XC90,160.7509059698646
VOLVO,XC90 EXCELLENCE,59.0
VOLVO,XC90 T6 AWD,293.0
VOLVO,XC90 T8 TWIN ENGINE,55.68960244648318
X-RAID,MINI ALL 4 RACING,
ZENVO,ZENVO TSR-S,366.0
